batch_size,concurrency,requests_per_worker,total_requests,total_inferences,delta_request_success,delta_inference_count,delta_exec_count,total_seconds,requests_per_sec,inferences_per_sec,avg_ms,min_ms,p50_ms,p95_ms,p99_ms,max_ms
1,1,25,25,25,25,25,25,0.022529,1109.70,1109.70,0.850,0.746,0.820,1.047,1.126,1.146
1,4,25,100,100,100,100,100,0.040733,2454.99,2454.99,1.537,0.955,1.518,2.203,2.508,2.522
1,8,25,200,200,200,200,200,0.094981,2105.69,2105.69,3.552,0.930,3.640,5.047,5.715,5.842
4,1,25,25,100,25,100,25,0.023569,1060.71,4242.84,0.887,0.797,0.883,1.003,1.028,1.036
4,4,25,100,400,100,400,100,0.037029,2700.56,10802.22,1.387,0.800,1.300,1.975,2.063,2.199
8,4,25,100,800,100,800,100,0.038846,2574.28,20594.26,1.421,0.839,1.356,1.989,2.184,2.288
